school vacation,date
all saints break,2023-10-21
all saints break,2023-10-22
all saints break,2023-10-23
all saints break,2023-10-24
all saints break,2023-10-25
all saints break,2023-10-26
all saints break,2023-10-27
all saints break,2023-10-28
all saints break,2023-10-29
all saints break,2023-10-30
all saints break,2023-11-1
all saints break,2023-11-2
all saints break,2023-11-3
all saints break,2023-11-4
all saints break,2023-11-5
christmas break,2023-12-23
christmas break,2023-12-24
christmas break,2023-12-25
christmas break,2023-12-26
christmas break,2023-12-27
christmas break,2023-12-28
christmas break,2023-12-29
christmas break,2023-12-30
christmas break,2023-12-31
christmas break,2024-01-01
christmas break,2024-01-02
christmas break,2024-01-03
christmas break,2024-01-04
christmas break,2024-01-05
christmas break,2024-01-06
christmas break,2024-01-07
winter break,2024-02-10
winter break,2024-02-11
winter break,2024-02-12
winter break,2024-02-13
winter break,2024-02-14
winter break,2024-02-15
winter break,2024-02-16
winter break,2024-02-17
winter break,2024-02-18
winter break,2024-02-19
winter break,2024-02-20
winter break,2024-02-21
winter break,2024-02-22
winter break,2024-02-23
winter break,2024-02-24
winter break,2024-02-25
winter break,2024-02-26
spring break,2024-04-6
spring break,2024-04-7
spring break,2024-04-8
spring break,2024-04-9
spring break,2024-04-10
spring break,2024-04-11
spring break,2024-04-12
spring break,2024-04-13
spring break,2024-04-14
spring break,2024-04-15
spring break,2024-04-16
spring break,2024-04-17
spring break,2024-04-18
spring break,2024-04-19
spring break,2024-04-20
spring break,2024-04-21
spring break,2024-04-22
spring break,2024-04-23
spring break,2024-04-24
spring break,2024-04-25
spring break,2024-04-26
summer break,2024-07-06
summer break,2024-07-07
summer break,2024-07-08
summer break,2024-07-09
summer break,2024-07-10
summer break,2024-07-11
summer break,2024-07-12
summer break,2024-07-13
summer break,2024-07-14
summer break,2024-07-15
summer break,2024-07-16
summer break,2024-07-17
summer break,2024-07-18
summer break,2024-07-19
summer break,2024-07-20
summer break,2024-07-21
summer break,2024-07-22
summer break,2024-07-23
summer break,2024-07-24
summer break,2024-07-25
summer break,2024-07-26
summer break,2024-07-27
summer break,2024-07-28
summer break,2024-07-29
summer break,2024-07-30
summer break,2024-07-31
summer break,2024-08-01
summer break,2024-08-02
summer break,2024-08-03
summer break,2024-08-04
summer break,2024-08-05
summer break,2024-08-06
summer break,2024-08-07
summer break,2024-08-08
summer break,2024-08-09
summer break,2024-08-10
summer break,2024-08-11
summer break,2024-08-12
summer break,2024-08-13
summer break,2024-08-14
summer break,2024-08-15
summer break,2024-08-16
summer break,2024-08-17
summer break,2024-08-18
summer break,2024-08-19
summer break,2024-08-20
summer break,2024-08-21
summer break,2024-08-22
summer break,2024-08-23
summer break,2024-08-24
summer break,2024-08-25
summer break,2024-08-26
summer break,2024-08-27
summer break,2024-08-28
summer break,2024-08-29
summer break,2024-08-30
summer break,2024-08-31
